TX_ID,Class_I_MS,Class_II_MS
1,2.997330530828258,2.924541745268043
2,2.199890248610685,2.924541745268043
3,4.504096087601431,2.924541745268043
4,3.85081999291618,2.924541745268043
5,2.1509077279463575,0.7316079028954364
